,Table Name,Process Number,Process ID,Status,Start Timestamp,End Timestamp
0,I,[1],47005,Done,20231019084841,20231019085123
1,I,[2],48423,Done,20231019084856,20231019085123
2,I,[3],49540,Done,20231019084911,20231019085123
3,I,[4],50697,Done,20231019084926,20231019085123
4,I,[5],51758,Done,20231019084941,20231019085123
5,I,[6],53528,Done,20231019084956,20231019085123
6,I,[7],55435,Done,20231019085011,20231019085123
7,I,[8],57704,Done,20231019085026,20231019085123
8,I,[9],59544,Done,20231019085041,20231019085123
